path	kind	remote	commit	diff_bytes	untracked_files	size_kb
ThirdParty/Azahar	git	https://github.com/azahar-emu/azahar.git	c2237de04d8c08cb5ad0ba3fb98e5a9640203257	4698	0	-
ThirdParty/AzaharCore.xcframework	plain	-	-	-	-	59044
ThirdParty/DeSmuMECore.xcframework	plain	-	-	-	-	6608
ThirdParty/MelonDSCore.xcframework	plain	-	-	-	-	9688
ThirdParty/N64Build	plain	-	-	-	-	4032
ThirdParty/N64Core.xcframework	plain	-	-	-	-	4036
ThirdParty/PPSSPPBuild	plain	-	-	-	-	265156
ThirdParty/PPSSPPCore.README.md	plain	-	-	-	-	4
ThirdParty/PPSSPPCore.xcframework	plain	-	-	-	-	29456
ThirdParty/PPSSPPXC	plain	-	-	-	-	29400
ThirdParty/StoreCores	plain	-	-	-	-	133764
ThirdParty/build	plain	-	-	-	-	6604
ThirdParty/desmume-libretro	git	https://github.com/libretro/desmume.git	95b4d798731caa809125b6c3c11d17cc332ff6ef	2154	1	-
ThirdParty/libarchive	git	https://github.com/libarchive/libarchive.git	abaa707d92fce052f386b6cc2c8d0593ce61e639	0	0	-
ThirdParty/melonds-ds	git	https://github.com/JesseTG/melonds-ds.git	bc4e4b67d2d470d7c682810a1e892cafd6f9082b	0	0	-
ThirdParty/parallel-n64	git	https://github.com/libretro/parallel-n64.git	6e4c44c51885c8dc16e46d68464c517e6fca6712	2507	0	-
ThirdParty/ppsspp	git	https://github.com/hrydgard/ppsspp.git	a312749f832018c3989db06f4229be1c7e321daf	8338	1	-
ThirdParty/ppsspp/SDL/macOS	git	https://github.com/hrydgard/ppsspp-mac-sdl	c387d93ab5910b5a6be78b4840a5bbbc452f3ac8	590	0	-
ThirdParty/ppsspp/ext/armips	git	https://github.com/Kingcom/armips.git	62adab4ef30da765f5cf22a451eb08a59c54dc8b	0	55	-
